what,kind,bundleId,bundleVersion,description,time
activated,perspective,org.eclipse.php.ui,,"org.eclipse.php.perspective",1402075153060
started,bundle,org.eclipse.osgi,3.6.0.v20100517,"org.eclipse.osgi",1402075153062
started,bundle,org.eclipse.equinox.simpleconfigurator,1.0.200.v20100503,"org.eclipse.equinox.simpleconfigurator",1402075153062
started,bundle,com.ibm.icu,4.2.1.v20100412,"com.ibm.icu",1402075153063
started,bundle,org.eclipse.compare.core,3.5.100.I20100526-0800,"org.eclipse.compare.core",1402075153063
started,bundle,org.eclipse.core.contenttype,3.4.100.v20100505-1235,"org.eclipse.core.contenttype",1402075153064
started,bundle,org.eclipse.core.databinding.observable,1.3.0.I20100601-0800,"org.eclipse.core.databinding.observable",1402075153065
started,bundle,org.eclipse.core.expressions,3.4.200.v20100505,"org.eclipse.core.expressions",1402075153065
started,bundle,org.eclipse.core.filebuffers,3.5.100.v20100520-0800,"org.eclipse.core.filebuffers",1402075153067
started,bundle,org.eclipse.core.filesystem,1.3.0.v20100526-0737,"org.eclipse.core.filesystem",1402075153068
started,bundle,org.eclipse.core.jobs,3.5.0.v20100515,"org.eclipse.core.jobs",1402075153068
started,bundle,org.eclipse.core.net,1.2.100.I20100511-0800,"org.eclipse.core.net",1402075153069
started,bundle,org.eclipse.core.resources,3.6.0.v20100526-0737,"org.eclipse.core.resources",1402075153069
started,bundle,org.eclipse.core.runtime,3.6.0.v20100505,"org.eclipse.core.runtime",1402075153070
started,bundle,org.eclipse.core.runtime.compatibility,3.2.100.v20100505,"org.eclipse.core.runtime.compatibility",1402075153070
started,bundle,org.eclipse.core.runtime.compatibility.auth,3.2.200.v20100517,"org.eclipse.core.runtime.compatibility.auth",1402075153071
started,bundle,org.eclipse.debug.core,3.6.0.v20100519,"org.eclipse.debug.core",1402075153072
started,bundle,org.eclipse.debug.ui,3.6.0.v20100601-1530,"org.eclipse.debug.ui",1402075153073
started,bundle,org.eclipse.dltk.core,2.0.0.v20100603-0936,"org.eclipse.dltk.core",1402075153073
started,bundle,org.eclipse.dltk.core.index.sql,2.0.0.v20100616-2015,"org.eclipse.dltk.core.index.sql",1402075153074
started,bundle,org.eclipse.dltk.core.index.sql.h2,2.0.0.v20100616-2015,"org.eclipse.dltk.core.index.sql.h2",1402075153074
started,bundle,org.eclipse.dltk.launching,2.0.0.v20100524-0038,"org.eclipse.dltk.launching",1402075153075
started,bundle,org.eclipse.dltk.rse.core,2.0.0.v20100115-2213,"org.eclipse.dltk.rse.core",1402075153076
started,bundle,org.eclipse.dltk.rse.ui,2.0.0.v20100115-2213,"org.eclipse.dltk.rse.ui",1402075153076
started,bundle,org.eclipse.dltk.ui,2.0.0.v20100603-0936,"org.eclipse.dltk.ui",1402075153077
started,bundle,org.eclipse.dltk.validators.core,1.0.0.v20100524-0038,"org.eclipse.dltk.validators.core",1402075153078
started,bundle,org.eclipse.dltk.validators.externalchecker,1.0.0.v20090803-1754,"org.eclipse.dltk.validators.externalchecker",1402075153079
started,bundle,org.eclipse.emf.common,2.6.0.v20100614-1136,"org.eclipse.emf.common",1402075153080
started,bundle,org.eclipse.emf.ecore,2.6.0.v20100614-1136,"org.eclipse.emf.ecore",1402075153081
started,bundle,org.eclipse.emf.ecore.xmi,2.5.0.v20100521-1846,"org.eclipse.emf.ecore.xmi",1402075153082
started,bundle,org.eclipse.epp.usagedata.gathering,1.3.0.R201005261100,"org.eclipse.epp.usagedata.gathering",1402075153082
started,bundle,org.eclipse.epp.usagedata.recording,1.3.0.R201005261100,"org.eclipse.epp.usagedata.recording",1402075153083
started,bundle,org.eclipse.equinox.app,1.3.0.v20100512,"org.eclipse.equinox.app",1402075153083
started,bundle,org.eclipse.equinox.common,3.6.0.v20100503,"org.eclipse.equinox.common",1402075153084
started,bundle,org.eclipse.equinox.ds,1.2.0.v20100507,"org.eclipse.equinox.ds",1402075153084
started,bundle,org.eclipse.equinox.event,1.2.0.v20100503,"org.eclipse.equinox.event",1402075153085
started,bundle,org.eclipse.equinox.p2.core,2.0.0.v20100510,"org.eclipse.equinox.p2.core",1402075153085
started,bundle,org.eclipse.equinox.p2.directorywatcher,1.0.200.v20100601,"org.eclipse.equinox.p2.directorywatcher",1402075153086
started,bundle,org.eclipse.equinox.p2.engine,2.0.0.v20100606,"org.eclipse.equinox.p2.engine",1402075153087
started,bundle,org.eclipse.equinox.p2.metadata,2.0.0.v20100601,"org.eclipse.equinox.p2.metadata",1402075153087
started,bundle,org.eclipse.equinox.p2.metadata.repository,1.1.0.v20100513,"org.eclipse.equinox.p2.metadata.repository",1402075153088
started,bundle,org.eclipse.equinox.p2.operations,2.0.0.v20100510,"org.eclipse.equinox.p2.operations",1402075153088
started,bundle,org.eclipse.equinox.p2.reconciler.dropins,1.1.0.v20100525,"org.eclipse.equinox.p2.reconciler.dropins",1402075153089
started,bundle,org.eclipse.equinox.p2.repository,2.0.0.v20100519,"org.eclipse.equinox.p2.repository",1402075153090
started,bundle,org.eclipse.equinox.p2.ui.sdk.scheduler,1.0.0.v20100507-1815,"org.eclipse.equinox.p2.ui.sdk.scheduler",1402075153090
started,bundle,org.eclipse.equinox.p2.updatechecker,1.1.100.v20100503a,"org.eclipse.equinox.p2.updatechecker",1402075153091
started,bundle,org.eclipse.equinox.preferences,3.3.0.v20100503,"org.eclipse.equinox.preferences",1402075153092
started,bundle,org.eclipse.equinox.registry,3.5.0.v20100503,"org.eclipse.equinox.registry",1402075153092
started,bundle,org.eclipse.equinox.security,1.0.200.v20100503,"org.eclipse.equinox.security",1402075153093
started,bundle,org.eclipse.equinox.util,1.0.200.v20100503,"org.eclipse.equinox.util",1402075153094
started,bundle,org.eclipse.help,3.5.0.v20100524,"org.eclipse.help",1402075153094
started,bundle,org.eclipse.jem.util,2.1.0.v201005130500,"org.eclipse.jem.util",1402075153095
started,bundle,org.eclipse.jface,3.6.0.I20100601-0800,"org.eclipse.jface",1402075153096
started,bundle,org.eclipse.jsch.core,1.1.200.I20100505-1245,"org.eclipse.jsch.core",1402075153096
started,bundle,org.eclipse.ltk.core.refactoring,3.5.100.v20100526-0800,"org.eclipse.ltk.core.refactoring",1402075153097
started,bundle,org.eclipse.mylyn.bugzilla.core,3.4.0.v20100608-0100-e3x,"org.eclipse.mylyn.bugzilla.core",1402075153098
started,bundle,org.eclipse.mylyn.bugzilla.ui,3.4.0.v20100608-0100-e3x,"org.eclipse.mylyn.bugzilla.ui",1402075153098
started,bundle,org.eclipse.mylyn.commons.net,3.4.0.v20100608-0100-e3x,"org.eclipse.mylyn.commons.net",1402075153103
started,bundle,org.eclipse.mylyn.commons.ui,3.4.0.v20100608-0100-e3x,"org.eclipse.mylyn.commons.ui",1402075153104
started,bundle,org.eclipse.mylyn.context.core,3.4.0.v20100608-0100-e3x,"org.eclipse.mylyn.context.core",1402075153104
started,bundle,org.eclipse.mylyn.context.ui,3.4.0.v20100608-0100-e3x,"org.eclipse.mylyn.context.ui",1402075153105
started,bundle,org.eclipse.mylyn.monitor.ui,3.4.0.v20100608-0100-e3x,"org.eclipse.mylyn.monitor.ui",1402075153105
started,bundle,org.eclipse.php.core,2.2.0.v20100616-1900,"org.eclipse.php.core",1402075153106
started,bundle,org.eclipse.php.debug.core,2.2.0.v20100616-1900,"org.eclipse.php.debug.core",1402075153107
started,bundle,org.eclipse.php.debug.ui,2.2.0.v20100616-1900,"org.eclipse.php.debug.ui",1402075153107
started,bundle,org.eclipse.php.server.core,2.2.0.v20100616-1900,"org.eclipse.php.server.core",1402075153107
started,bundle,org.eclipse.php.ui,2.2.0.v20100616-1900,"org.eclipse.php.ui",1402075153107
started,bundle,org.eclipse.rse.core,3.1.100.v201003151933,"org.eclipse.rse.core",1402075153108
started,bundle,org.eclipse.rse.services,3.2.0.v201006041352,"org.eclipse.rse.services",1402075153108
started,bundle,org.eclipse.rse.ui,3.1.100.v201005282245,"org.eclipse.rse.ui",1402075153109
started,bundle,org.eclipse.search,3.6.0.v20100520-0800,"org.eclipse.search",1402075153110
started,bundle,org.eclipse.team.core,3.5.100.I20100527-0800,"org.eclipse.team.core",1402075153110
started,bundle,org.eclipse.team.cvs.core,3.3.300.I20100526-0800,"org.eclipse.team.cvs.core",1402075153111
started,bundle,org.eclipse.team.ui,3.5.100.I20100527-0800,"org.eclipse.team.ui",1402075153111
started,bundle,org.eclipse.ui,3.6.0.I20100603-1100,"org.eclipse.ui",1402075153112
started,bundle,org.eclipse.ui.editors,3.6.0.v20100520-0800,"org.eclipse.ui.editors",1402075153112
started,bundle,org.eclipse.ui.forms,3.5.0.v20100427,"org.eclipse.ui.forms",1402075153113
started,bundle,org.eclipse.ui.ide,3.6.0.I20100601-0800,"org.eclipse.ui.ide",1402075153114
started,bundle,org.eclipse.ui.net,1.2.100.I20100505-1245,"org.eclipse.ui.net",1402075153115
started,bundle,org.eclipse.ui.views,3.5.0.I20100527-0800,"org.eclipse.ui.views",1402075153115
started,bundle,org.eclipse.ui.workbench,3.6.0.I20100603-1100,"org.eclipse.ui.workbench",1402075153117
started,bundle,org.eclipse.ui.workbench.texteditor,3.6.0.v20100520-0800,"org.eclipse.ui.workbench.texteditor",1402075153118
started,bundle,org.eclipse.wst.common.core,1.2.0.v200908252030,"org.eclipse.wst.common.core",1402075153119
started,bundle,org.eclipse.wst.common.emf,1.2.0.v201005200700,"org.eclipse.wst.common.emf",1402075153148
started,bundle,org.eclipse.wst.common.emfworkbench.integration,1.2.0.v201004110600,"org.eclipse.wst.common.emfworkbench.integration",1402075153148
started,bundle,org.eclipse.wst.common.frameworks,1.2.0.v201003040800,"org.eclipse.wst.common.frameworks",1402075153149
started,bundle,org.eclipse.wst.common.modulecore,1.2.0.v201005200200,"org.eclipse.wst.common.modulecore",1402075153150
started,bundle,org.eclipse.wst.common.project.facet.core,1.4.100.v201005190114,"org.eclipse.wst.common.project.facet.core",1402075153151
started,bundle,org.eclipse.wst.common.uriresolver,1.1.401.v201004280700,"org.eclipse.wst.common.uriresolver",1402075153152
started,bundle,org.eclipse.wst.css.core,1.1.400.v201005261534,"org.eclipse.wst.css.core",1402075153153
started,bundle,org.eclipse.wst.css.ui,1.0.500.v201004290328,"org.eclipse.wst.css.ui",1402075153154
started,bundle,org.eclipse.wst.dtd.core,1.1.400.v201004290328,"org.eclipse.wst.dtd.core",1402075153155
started,bundle,org.eclipse.wst.dtd.ui,1.0.500.v201004290328,"org.eclipse.wst.dtd.ui",1402075153156
started,bundle,org.eclipse.wst.html.core,1.1.400.v201005261534,"org.eclipse.wst.html.core",1402075153157
started,bundle,org.eclipse.wst.html.ui,1.0.500.v201006030742,"org.eclipse.wst.html.ui",1402075153158
started,bundle,org.eclipse.wst.internet.cache,1.0.400.v201004280700,"org.eclipse.wst.internet.cache",1402075153159
started,bundle,org.eclipse.wst.jsdt.core,1.1.0.v201006030738,"org.eclipse.wst.jsdt.core",1402075153159
started,bundle,org.eclipse.wst.jsdt.manipulation,1.0.200.v201004150600,"org.eclipse.wst.jsdt.manipulation",1402075153160
started,bundle,org.eclipse.wst.jsdt.ui,1.1.0.v201005200157,"org.eclipse.wst.jsdt.ui",1402075153162
started,bundle,org.eclipse.wst.jsdt.web.core,1.0.300.v201004150625,"org.eclipse.wst.jsdt.web.core",1402075153163
started,bundle,org.eclipse.wst.jsdt.web.ui,1.0.300.v201006030742,"org.eclipse.wst.jsdt.web.ui",1402075153164
started,bundle,org.eclipse.wst.sse.core,1.1.500.v201006020308,"org.eclipse.wst.sse.core",1402075153165
started,bundle,org.eclipse.wst.sse.ui,1.2.0.v201006030742,"org.eclipse.wst.sse.ui",1402075153166
started,bundle,org.eclipse.wst.validation,1.2.200.v201005271900,"org.eclipse.wst.validation",1402075153168
started,bundle,org.eclipse.wst.xml.core,1.1.500.v201005271618,"org.eclipse.wst.xml.core",1402075153169
started,bundle,org.eclipse.wst.xml.ui,1.1.100.v201006030742,"org.eclipse.wst.xml.ui",1402075153170
started,bundle,org.eclipse.wst.xsd.core,1.1.501.v201004110600,"org.eclipse.wst.xsd.core",1402075153171
started,bundle,org.eclipse.wst.xsl.core,1.1.0.v201004290328,"org.eclipse.wst.xsl.core",1402075153172
started,bundle,org.eclipse.wst.xsl.exslt.core,1.0.0.v201005240426,"org.eclipse.wst.xsl.exslt.core",1402075153172
os,sysinfo,,,"win32",1402075153176
arch,sysinfo,,,"x86_64",1402075153176
ws,sysinfo,,,"win32",1402075153176
locale,sysinfo,,,"en_US",1402075153176
processors,sysinfo,,,"4",1402075153176
java.runtime.name,sysinfo,,,"Java(TM) SE Runtime Environment",1402075153176
java.runtime.version,sysinfo,,,"1.7.0_51-b13",1402075153176
java.specification.name,sysinfo,,,"Java Platform API Specification",1402075153176
java.specification.vendor,sysinfo,,,"Oracle Corporation",1402075153176
java.specification.version,sysinfo,,,"1.7",1402075153176
java.vendor,sysinfo,,,"Oracle Corporation",1402075153176
java.version,sysinfo,,,"1.7.0_51",1402075153176
java.vm.info,sysinfo,,,"mixed mode",1402075153176
java.vm.name,sysinfo,,,"Java HotSpot(TM) 64-Bit Server VM",1402075153176
java.vm.specification.name,sysinfo,,,"Java Virtual Machine Specification",1402075153176
java.vm.specification.vendor,sysinfo,,,"Oracle Corporation",1402075153176
java.vm.specification.version,sysinfo,,,"1.7",1402075153176
java.vm.vendor,sysinfo,,,"Oracle Corporation",1402075153176
java.vm.version,sysinfo,,,"24.51-b03",1402075153176
started,bundle,org.eclipse.mylyn.team.ui,3.4.0.v20100608-0100-e3x,"org.eclipse.mylyn.team.ui",1402075153192
started,bundle,org.eclipse.php.debug.daemon,2.2.0.v20100616-1900,"org.eclipse.php.debug.daemon",1402075153192
started,bundle,org.eclipse.update.scheduler,3.2.300.v20100512,"org.eclipse.update.scheduler",1402075153193
started,bundle,org.eclipse.team.cvs.ui,3.3.300.I20100526-0800,"org.eclipse.team.cvs.ui",1402075153202
started,bundle,org.eclipse.update.configurator,3.3.100.v20100512,"org.eclipse.update.configurator",1402075153251
started,bundle,org.eclipse.update.core,3.2.400.v20100512,"org.eclipse.update.core",1402075153262
activated,view,org.eclipse.php.ui,2.2.0.v20100616-1900,"org.eclipse.php.ui.explorer",1402075154129
started,bundle,org.eclipse.jdt.core,3.6.0.v_A58,"org.eclipse.jdt.core",1402075154544
started,bundle,org.eclipse.jdt.core.manipulation,1.3.0.v20100520-0800,"org.eclipse.jdt.core.manipulation",1402075154630
started,bundle,org.eclipse.jdt.ui,3.6.0.v20100602-1600,"org.eclipse.jdt.ui",1402075154646
deactivated,workbench,org.eclipse.ui.workbench,3.6.0.I20100603-1100,"",1402075163527
activated,workbench,org.eclipse.ui.workbench,3.6.0.I20100603-1100,"",1402075189021
opened,editor,org.eclipse.php.ui,2.2.0.v20100616-1900,"org.eclipse.php.editor",1402075191646
activated,editor,org.eclipse.php.ui,2.2.0.v20100616-1900,"org.eclipse.php.editor",1402075191870
activated,view,org.eclipse.ui.ide,3.6.0.I20100601-0800,"org.eclipse.ui.views.ProblemView",1402075193218
activated,editor,org.eclipse.php.ui,2.2.0.v20100616-1900,"org.eclipse.php.editor",1402075193772
executed,command,org.eclipse.ui,3.6.0.I20100603-1100,"org.eclipse.ui.edit.cut",1402075206333
deactivated,workbench,org.eclipse.ui.workbench,3.6.0.I20100603-1100,"",1402075209069
deactivated,workbench,org.eclipse.ui.workbench,3.6.0.I20100603-1100,"",1402075238208
activated,workbench,org.eclipse.ui.workbench,3.6.0.I20100603-1100,"",1402075244103
activated,view,org.eclipse.php.ui,2.2.0.v20100616-1900,"org.eclipse.php.ui.explorer",1402075245467
started,bundle,org.eclipse.dltk.validators.ui,2.0.0.v20091214-1712,"org.eclipse.dltk.validators.ui",1402075245971
started,bundle,org.eclipse.compare,3.5.100.I20100526-0800,"org.eclipse.compare",1402075246053
executed,command,org.eclipse.ui,3.6.0.I20100603-1100,"org.eclipse.ui.edit.paste",1402075247395
activated,editor,org.eclipse.php.ui,2.2.0.v20100616-1900,"org.eclipse.php.editor",1402075249514
executed,command,org.eclipse.ui,3.6.0.I20100603-1100,"org.eclipse.ui.edit.copy",1402075253846
executed,command,org.eclipse.ui,3.6.0.I20100603-1100,"org.eclipse.ui.edit.paste",1402075257109
executed,command,org.eclipse.ui,3.6.0.I20100603-1100,"org.eclipse.ui.file.save",1402075266131
executed,command,org.eclipse.ui,3.6.0.I20100603-1100,"org.eclipse.ui.file.save",1402075276370
deactivated,workbench,org.eclipse.ui.workbench,3.6.0.I20100603-1100,"",1402075291024
activated,workbench,org.eclipse.ui.workbench,3.6.0.I20100603-1100,"",1402075323390
activated,view,org.eclipse.ui.ide,3.6.0.I20100601-0800,"org.eclipse.ui.views.ProblemView",1402075326029
activated,editor,org.eclipse.php.ui,2.2.0.v20100616-1900,"org.eclipse.php.editor",1402075329683
activated,view,org.eclipse.ui.views,3.5.0.I20100527-0800,"org.eclipse.ui.views.ContentOutline",1402075331423
activated,editor,org.eclipse.php.ui,2.2.0.v20100616-1900,"org.eclipse.php.editor",1402075331464
deactivated,workbench,org.eclipse.ui.workbench,3.6.0.I20100603-1100,"",1402075341000
activated,workbench,org.eclipse.ui.workbench,3.6.0.I20100603-1100,"",1402075355252
deactivated,workbench,org.eclipse.ui.workbench,3.6.0.I20100603-1100,"",1402075357747
activated,workbench,org.eclipse.ui.workbench,3.6.0.I20100603-1100,"",1402075369097
activated,editor,org.eclipse.php.ui,2.2.0.v20100616-1900,"org.eclipse.php.editor",1402075371262
activated,editor,org.eclipse.php.ui,2.2.0.v20100616-1900,"org.eclipse.php.editor",1402075380256
executed,command,org.eclipse.ui,3.6.0.I20100603-1100,"org.eclipse.ui.file.save",1402075433744
executed,command,org.eclipse.ui,3.6.0.I20100603-1100,"org.eclipse.ui.file.save",1402075496056
executed,command,org.eclipse.ui,3.6.0.I20100603-1100,"org.eclipse.ui.file.save",1402075502275
executed,command,org.eclipse.ui,3.6.0.I20100603-1100,"org.eclipse.ui.edit.copy",1402075510754
executed,command,org.eclipse.ui,3.6.0.I20100603-1100,"org.eclipse.ui.file.save",1402075520992
deactivated,workbench,org.eclipse.ui.workbench,3.6.0.I20100603-1100,"",1402075523038
activated,workbench,org.eclipse.ui.workbench,3.6.0.I20100603-1100,"",1402075551510
executed,command,org.eclipse.ui,3.6.0.I20100603-1100,"org.eclipse.ui.file.save",1402075575437
executed,command,org.eclipse.ui,3.6.0.I20100603-1100,"org.eclipse.ui.edit.copy",1402075589201
executed,command,org.eclipse.ui,3.6.0.I20100603-1100,"org.eclipse.ui.edit.paste",1402075591276
executed,command,org.eclipse.ui,3.6.0.I20100603-1100,"org.eclipse.ui.file.save",1402075598855
deactivated,workbench,org.eclipse.ui.workbench,3.6.0.I20100603-1100,"",1402075601951
activated,workbench,org.eclipse.ui.workbench,3.6.0.I20100603-1100,"",1402075606464
executed,command,org.eclipse.ui,3.6.0.I20100603-1100,"org.eclipse.ui.edit.cut",1402075622296
executed,command,org.eclipse.ui,3.6.0.I20100603-1100,"org.eclipse.ui.edit.paste",1402075624809
executed,command,org.eclipse.ui,3.6.0.I20100603-1100,"org.eclipse.ui.file.save",1402075625596
deactivated,workbench,org.eclipse.ui.workbench,3.6.0.I20100603-1100,"",1402075629972
activated,workbench,org.eclipse.ui.workbench,3.6.0.I20100603-1100,"",1402075731494
activated,view,org.eclipse.php.ui,2.2.0.v20100616-1900,"org.eclipse.php.ui.explorer",1402075733641
deactivated,workbench,org.eclipse.ui.workbench,3.6.0.I20100603-1100,"",1402075746542
opened,editor,org.eclipse.php.ui,2.2.0.v20100616-1900,"org.eclipse.php.editor",1402075843861
activated,editor,org.eclipse.php.ui,2.2.0.v20100616-1900,"org.eclipse.php.editor",1402075843956
activated,workbench,org.eclipse.ui.workbench,3.6.0.I20100603-1100,"",1402075844089
activated,view,org.eclipse.php.ui,2.2.0.v20100616-1900,"org.eclipse.php.ui.explorer",1402075847618
opened,editor,org.eclipse.php.ui,2.2.0.v20100616-1900,"org.eclipse.php.editor",1402075847885
activated,editor,org.eclipse.php.ui,2.2.0.v20100616-1900,"org.eclipse.php.editor",1402075848015
executed,command,org.eclipse.ui,3.6.0.I20100603-1100,"org.eclipse.ui.edit.copy",1402075851423
activated,editor,org.eclipse.php.ui,2.2.0.v20100616-1900,"org.eclipse.php.editor",1402075852426
executed,command,org.eclipse.ui,3.6.0.I20100603-1100,"org.eclipse.ui.edit.paste",1402075854791
started,bundle,org.eclipse.wst.server.core,1.1.202.v20100518,"org.eclipse.wst.server.core",1402075857160
started,bundle,org.eclipse.wst.server.ui,1.1.203.v20100601,"org.eclipse.wst.server.ui",1402075857192
started,bundle,org.eclipse.php.server.ui,2.2.0.v20100616-1900,"org.eclipse.php.server.ui",1402075857266
executed,command,org.eclipse.ui,3.6.0.I20100603-1100,"org.eclipse.ui.file.saveAll",1402075857893
started,bundle,org.eclipse.wst.web,1.1.400.v201005270700,"org.eclipse.wst.web",1402075858033
activated,editor,org.eclipse.php.ui,2.2.0.v20100616-1900,"org.eclipse.php.editor",1402075870083
executed,command,org.eclipse.ui,3.6.0.I20100603-1100,"org.eclipse.ui.file.saveAll",1402075893893
activated,editor,org.eclipse.php.ui,2.2.0.v20100616-1900,"org.eclipse.php.editor",1402075895892
activated,editor,org.eclipse.php.ui,2.2.0.v20100616-1900,"org.eclipse.php.editor",1402075941304
executed,command,org.eclipse.ui,3.6.0.I20100603-1100,"org.eclipse.ui.file.saveAll",1402075975642
executed,command,org.eclipse.ui,3.6.0.I20100603-1100,"org.eclipse.ui.edit.copy",1402075979879
activated,editor,org.eclipse.php.ui,2.2.0.v20100616-1900,"org.eclipse.php.editor",1402075980780
activated,editor,org.eclipse.php.ui,2.2.0.v20100616-1900,"org.eclipse.php.editor",1402075982639
executed,command,org.eclipse.ui,3.6.0.I20100603-1100,"org.eclipse.ui.edit.paste",1402075991039
deactivated,workbench,org.eclipse.ui.workbench,3.6.0.I20100603-1100,"",1402076001687
activated,workbench,org.eclipse.ui.workbench,3.6.0.I20100603-1100,"",1402076002622
deactivated,workbench,org.eclipse.ui.workbench,3.6.0.I20100603-1100,"",1402076003605
activated,workbench,org.eclipse.ui.workbench,3.6.0.I20100603-1100,"",1402076004711
deactivated,workbench,org.eclipse.ui.workbench,3.6.0.I20100603-1100,"",1402076006622
activated,workbench,org.eclipse.ui.workbench,3.6.0.I20100603-1100,"",1402076007478
deactivated,workbench,org.eclipse.ui.workbench,3.6.0.I20100603-1100,"",1402076008277
activated,workbench,org.eclipse.ui.workbench,3.6.0.I20100603-1100,"",1402076009942
activated,editor,org.eclipse.php.ui,2.2.0.v20100616-1900,"org.eclipse.php.editor",1402076013393
executed,command,org.eclipse.ui,3.6.0.I20100603-1100,"org.eclipse.ui.edit.copy",1402076023350
activated,editor,org.eclipse.php.ui,2.2.0.v20100616-1900,"org.eclipse.php.editor",1402076025805
executed,command,org.eclipse.ui,3.6.0.I20100603-1100,"org.eclipse.ui.edit.paste",1402076035797
executed,command,org.eclipse.ui,3.6.0.I20100603-1100,"org.eclipse.ui.file.saveAll",1402076037198
deactivated,workbench,org.eclipse.ui.workbench,3.6.0.I20100603-1100,"",1402076038430
activated,workbench,org.eclipse.ui.workbench,3.6.0.I20100603-1100,"",1402076039348
activated,editor,org.eclipse.php.ui,2.2.0.v20100616-1900,"org.eclipse.php.editor",1402076040640
executed,command,org.eclipse.ui,3.6.0.I20100603-1100,"org.eclipse.ui.edit.copy",1402076045039
activated,editor,org.eclipse.php.ui,2.2.0.v20100616-1900,"org.eclipse.php.editor",1402076046140
activated,editor,org.eclipse.php.ui,2.2.0.v20100616-1900,"org.eclipse.php.editor",1402076046997
executed,command,org.eclipse.ui,3.6.0.I20100603-1100,"org.eclipse.ui.edit.paste",1402076051992
deactivated,workbench,org.eclipse.ui.workbench,3.6.0.I20100603-1100,"",1402076053021
activated,workbench,org.eclipse.ui.workbench,3.6.0.I20100603-1100,"",1402076053732
activated,editor,org.eclipse.php.ui,2.2.0.v20100616-1900,"org.eclipse.php.editor",1402076054743
executed,command,org.eclipse.ui,3.6.0.I20100603-1100,"org.eclipse.ui.edit.copy",1402076060354
activated,editor,org.eclipse.php.ui,2.2.0.v20100616-1900,"org.eclipse.php.editor",1402076062293
executed,command,org.eclipse.ui,3.6.0.I20100603-1100,"org.eclipse.ui.edit.paste",1402076067307
executed,command,org.eclipse.ui,3.6.0.I20100603-1100,"org.eclipse.ui.file.saveAll",1402076068719
deactivated,workbench,org.eclipse.ui.workbench,3.6.0.I20100603-1100,"",1402076069926
activated,workbench,org.eclipse.ui.workbench,3.6.0.I20100603-1100,"",1402076074001
deactivated,workbench,org.eclipse.ui.workbench,3.6.0.I20100603-1100,"",1402076079414
activated,workbench,org.eclipse.ui.workbench,3.6.0.I20100603-1100,"",1402076080237
deactivated,workbench,org.eclipse.ui.workbench,3.6.0.I20100603-1100,"",1402076082238
activated,workbench,org.eclipse.ui.workbench,3.6.0.I20100603-1100,"",1402076083708
activated,editor,org.eclipse.php.ui,2.2.0.v20100616-1900,"org.eclipse.php.editor",1402076085919
executed,command,org.eclipse.ui,3.6.0.I20100603-1100,"org.eclipse.ui.edit.copy",1402076100652
activated,editor,org.eclipse.php.ui,2.2.0.v20100616-1900,"org.eclipse.php.editor",1402076102675
activated,editor,org.eclipse.php.ui,2.2.0.v20100616-1900,"org.eclipse.php.editor",1402076105468
activated,editor,org.eclipse.php.ui,2.2.0.v20100616-1900,"org.eclipse.php.editor",1402076107338
executed,command,org.eclipse.ui,3.6.0.I20100603-1100,"org.eclipse.ui.edit.paste",1402076120085
deactivated,workbench,org.eclipse.ui.workbench,3.6.0.I20100603-1100,"",1402076121661
activated,workbench,org.eclipse.ui.workbench,3.6.0.I20100603-1100,"",1402076122585
activated,editor,org.eclipse.php.ui,2.2.0.v20100616-1900,"org.eclipse.php.editor",1402076125087
executed,command,org.eclipse.ui,3.6.0.I20100603-1100,"org.eclipse.ui.file.saveAll",1402076142253
executed,command,org.eclipse.ui,3.6.0.I20100603-1100,"org.eclipse.ui.edit.copy",1402076144062
activated,editor,org.eclipse.php.ui,2.2.0.v20100616-1900,"org.eclipse.php.editor",1402076145610
executed,command,org.eclipse.ui,3.6.0.I20100603-1100,"org.eclipse.ui.edit.paste",1402076160263
executed,command,org.eclipse.ui,3.6.0.I20100603-1100,"org.eclipse.ui.file.saveAll",1402076161857
deactivated,workbench,org.eclipse.ui.workbench,3.6.0.I20100603-1100,"",1402076162923
activated,workbench,org.eclipse.ui.workbench,3.6.0.I20100603-1100,"",1402076163861
activated,editor,org.eclipse.php.ui,2.2.0.v20100616-1900,"org.eclipse.php.editor",1402076165066
executed,command,org.eclipse.ui,3.6.0.I20100603-1100,"org.eclipse.ui.edit.copy",1402076177099
activated,editor,org.eclipse.php.ui,2.2.0.v20100616-1900,"org.eclipse.php.editor",1402076178554
executed,command,org.eclipse.ui,3.6.0.I20100603-1100,"org.eclipse.ui.edit.paste",1402076195764
executed,command,org.eclipse.ui,3.6.0.I20100603-1100,"org.eclipse.ui.file.saveAll",1402076197698
deactivated,workbench,org.eclipse.ui.workbench,3.6.0.I20100603-1100,"",1402076199188
activated,workbench,org.eclipse.ui.workbench,3.6.0.I20100603-1100,"",1402076200375
deactivated,workbench,org.eclipse.ui.workbench,3.6.0.I20100603-1100,"",1402076201220
activated,workbench,org.eclipse.ui.workbench,3.6.0.I20100603-1100,"",1402076205664
deactivated,workbench,org.eclipse.ui.workbench,3.6.0.I20100603-1100,"",1402076209830
activated,workbench,org.eclipse.ui.workbench,3.6.0.I20100603-1100,"",1402076211688
deactivated,workbench,org.eclipse.ui.workbench,3.6.0.I20100603-1100,"",1402076213211
activated,workbench,org.eclipse.ui.workbench,3.6.0.I20100603-1100,"",1402076218304
activated,editor,org.eclipse.php.ui,2.2.0.v20100616-1900,"org.eclipse.php.editor",1402076219499
